<grid>
  <actions parameters="BazID">
    <action name="edit" caption="$general.edit$" fonticonclass="icon-edit" fonticonstyle="allow" />
    <action name="#delete" caption="$general.delete$" fonticonclass="icon-bin" fonticonstyle="critical" confirmation="$general.confirmdelete$" />
  </actions>
  <columns>
    <column source="BazDisplayName" caption="Name" wrap="false" />
    <column cssclass="filling-column" />
  </columns>
  <objecttype name="demo.baz" />
  <options></options>
</grid>